city (Special Ward) 	Japanese 	Prefecture 	Population 	Area 	Density 	Founded 	Homepage
Nagoya 	名古屋市 	Aichi 	2,283,289 	326.45 	6,860 	1889-10-01 	[1]
Toyohashi 	豊橋市 	Aichi 	377,045 	261.35 	1,443 	1906-08-01 	[2]
Okazaki 	岡崎市 	Aichi 	371,380 	387.24 	959 	1916-07-01 	[3]
Ichinomiya 	一宮市 	Aichi 	375,939 	113.91 	3,300 	1921-09-01 	[4]
Seto 	瀬戸市 	Aichi 	132,311 	111.61 	1,185 	1929-10-01 	[5]
Handa 	半田市 	Aichi 	117,927 	47.24 	2,496 	1937-10-01 	[6]
Kasugai 	春日井市 	Aichi 	300,713 	92.71 	3,244 	1943-06-01 	[7]
Toyokawa 	豊川市 	Aichi 	161,595 	150.71 	1,072 	1943-06-01 	[8]
Tsushima 	津島市 	Aichi 	65,646 	25.08 	2,617 	1947-03-01 	[9]
Hekinan 	碧南市 	Aichi 	73,024 	35.86 	2,036 	1948-04-05 	[10]
Kariya 	刈谷市 	Aichi 	145,117 	50.45 	2,876 	1950-04-01 	[11]
Toyota 	豊田市 	Aichi 	420,286 	918.47 	458 	1951-03-01 	[12]
Anjō 	安城市 	Aichi 	176,046 	86.01 	2,047 	1952-05-05 	[13]
Nishio 	西尾市 	Aichi 	106,643 	75.78 	1,407 	1953-12-15 	[14]
Gamagōri 	蒲郡市 	Aichi 	82,264 	56.81 	1,448 	1954-04-01 	[15]
Inuyama 	犬山市 	Aichi 	75,304 	74.97 	1,004 	1954-04-01 	[16]
Tokoname 	常滑市 	Aichi 	52,837 	55.63 	950 	1954-04-01 	[17]
Kōnan 	江南市 	Aichi 	100,064 	30.17 	3,317 	1954-06-01 	[18]
Komaki 	小牧市 	Aichi 	149,060 	62.82 	2,373 	1955-01-01 	[19]
Inazawa 	稲沢市 	Aichi 	137,475 	79.30 	1,734 	1958-11-01 	[20]
Tōkai 	東海市 	Aichi 	106,708 	43.36 	2,461 	1969-04-01 	[21]
Ōbu 	大府市 	Aichi 	83,097 	33.68 	2,467 	1970-09-01 	[22]
Chita 	知多市 	Aichi 	84,782 	45.43 	1,866 	1970-09-01 	[23]
Chiryū 	知立市 	Aichi 	68,216 	16.34 	4,175 	1970-12-01 	[24]
Owariasahi 	尾張旭市 	Aichi 	79,197 	21.03 	3,766 	1970-12-01 	[25]
Takahama 	高浜市 	Aichi 	43,467 	13.00 	3,344 	1970-12-01 	[26]
Iwakura 	岩倉市 	Aichi 	48,042 	10.49 	4,580 	1971-12-01 	[27]
Toyoake 	豊明市 	Aichi 	69,124 	23.18 	2,982 	1972-08-01 	[28]
Nisshin 	日進市 	Aichi 	80,921 	34.90 	2,319 	1994-10-01 	[29]
Tahara 	田原市 	Aichi 	66,698 	188.81 	353 	2003-08-20 	[30]
Aisai 	愛西市 	Aichi 	65,481 	66.63 	983 	2005-04-01 	[31]
Kiyosu 	清須市 	Aichi 	56,635 	13.31 	4,255 	2005-07-07 	[32]
Shinshiro 	新城市 	Aichi 	51,326 	499.00 	103 	2005-10-01 	[33]
Kitanagoya 	北名古屋市 	Aichi 	80,112 	18.37 	4,361 	2006-03-20 	[34]
Yatomi 	弥富市 	Aichi 	43,145 	48.92 	882 	2006-04-01 	[35]
Miyoshi 	みよし市 	Aichi 	- 	32.11 	- 	2010-01-04 	[36]
Ama 	あま市 	Aichi 	- 	27.59 	- 	2010-03-22 	[37]
Akita 	秋田市 	Akita 	329,287 	905.67 	364 	1889-04-01 	[38]
Ōdate 	大館市 	Akita 	80,587 	913.70 	88.2 	1951-04-01 	[39]
Kazuno 	鹿角市 	Akita 	35,543 	707.34 	50.2 	1972-04-01 	[40]
Daisen 	大仙市 	Akita 	91,143 	866.67 	105 	2005-03-22 	[41]
Katagami 	潟上市 	Akita 	35,460 	97.96 	362 	2005-03-22 	[42]
Kitaakita 	北秋田市 	Akita 	38,543 	1,152.57 	33.4 	2005-03-22 	[43]
Oga 	男鹿市 	Akita 	34,194 	240.80 	142 	2005-03-22 	[44]
Yurihonjō 	由利本荘市 	Akita 	87,525 	1,209.04 	72.4 	2005-03-22 	[45]
Yuzawa 	湯沢市 	Akita 	53,588 	790.72 	67.8 	2005-03-22 	[46]
Semboku 	仙北市 	Akita 	30,885 	1,093.64 	28.2 	2005-09-20 	[47]
Yokote 	横手市 	Akita 	101,234 	693.60 	146 	2005-10-01 	[48]
Nikaho 	にかほ市 	Akita 	28,422 	240.61 	118 	2005-10-01 	[49]
Noshiro 	能代市 	Akita 	61,295 	426.74 	144 	2006-03-21 	[50]
Hachinohe 	八戸市 	Aomori 	241,613 	305.17 	792 	1929-05-01 	[51]
Kuroishi 	黒石市 	Aomori 	37,585 	216.96 	173 	1954-07-01 	[52]
Misawa 	三沢市 	Aomori 	42,535 	119.97 	355 	1958-09-01 	[53]
Mutsu 	むつ市 	Aomori 	62,220 	863.79 	72.0 	1959-09-01 	[54]
Towada 	十和田市 	Aomori 	66,834 	688.60 	97.1 	2005-01-01 	[55]
Tsugaru 	つがる市 	Aomori 	38,919 	253.85 	153 	2005-02-11 	[56]
Goshogawara 	五所川原市 	Aomori 	60,788 	404.58 	150 	2005-03-28 	[57]
Aomori 	青森市 	Aomori 	305,884 	824.52 	371 	2005-04-01 	[58]
Hirakawa 	平川市 	Aomori 	34,638 	345.81 	100 	2006-01-01 	[59]
Hirosaki 	弘前市 	Aomori 	185,865 	523.60 	355 	2006-02-27 	[60]
Chiba 	千葉市 	Chiba 	938,695 	272.08 	3,450 	1921-01-01 	[61]
Chōshi 	銚子市 	Chiba 	72,348 	83.91 	862 	1933-02-11 	[62]
Ichikawa 	市川市 	Chiba 	470,149 	57.40 	8,191 	1934-11-03 	[63]
Funabashi 	船橋市 	Chiba 	586,762 	85.64 	6,851 	1937-04-01 	[64]
Tateyama 	館山市 	Chiba 	49,987 	110.21 	454 	1939-11-03 	[65]
Kisarazu 	木更津市 	Chiba 	123,743 	138.73 	892 	1942-11-03 	[66]
Matsudo 	松戸市 	Chiba 	477,603 	61.33 	7,787 	1943-04-01 	[67]
Noda 	野田市 	Chiba 	153,422 	103.54 	1,482 	1950-05-03 	[68]
Mobara 	茂原市 	Chiba 	93,032 	100.01 	930 	1952-04-01 	[69]
Narita 	成田市 	Chiba 	124,773 	213.84 	583 	1954-03-31 	[70]
Sakura 	佐倉市 	Chiba 	171,472 	103.59 	1,655 	1954-03-31 	[71]
Tōgane 	東金市 	Chiba 	61,591 	89.34 	689 	1954-04-01 	[72]
Narashino 	習志野市 	Chiba 	159,758 	20.99 	7,611 	1954-08-01 	[73]
Kashiwa 	柏市 	Chiba 	389,036 	114.90 	3,386 	1954-09-01 	[74]
Katsuura 	勝浦市 	Chiba 	21,413 	94.20 	227 	1958-10-01 	[75]
Ichihara 	市原市 	Chiba 	279,591 	368.20 	759 	1963-05-01 	[76]
Nagareyama 	流山市 	Chiba 	156,686 	35.28 	4,441 	1967-01-01 	[77]
Yachiyo 	八千代市 	Chiba 	184,655 	51.27 	3,602 	1967-01-01 	[78]
Abiko 	我孫子市 	Chiba 	133,533 	43.19 	3,092 	1970-07-01 	[79]
Kamagaya 	鎌ヶ谷市 	Chiba 	104,564 	21.11 	4,953 	1971-09-01 	[80]
Kimitsu 	君津市 	Chiba 	89,350 	318.83 	280 	1971-09-01 	[81]
Futtsu 	富津市 	Chiba 	48,973 	205.35 	238 	1971-09-01 	[82]
Urayasu 	浦安市 	Chiba 	159,312 	17.29 	9,214 	1981-04-01 	[83]
Yotsukaidō 	四街道市 	Chiba 	85,738 	34.70 	2,471 	1981-04-01 	[84]
Sodegaura 	袖ヶ浦市 	Chiba 	59,443 	94.92 	626 	1991-04-01 	[85]
Yachimata 	八街市 	Chiba 	75,369 	74.87 	1,007 	1992-04-01 	[86]
Inzai 	印西市 	Chiba 	60,280 	53.51 	1,127 	1996-04-01 	[87]
Shiroi 	白井市 	Chiba 	57,151 	35.41 	1,614 	2001-04-01 	[88]
Tomisato 	富里市 	Chiba 	51,590 	53.91 	957 	2002-04-01 	[89]
Kamogawa 	鴨川市 	Chiba 	35,792 	191.30 	187 	2005-02-11 	[90]
Asahi 	旭市 	Chiba 	69,971 	129.91 	539 	2005-07-01 	[91]
Isumi 	いすみ市 	Chiba 	41,605 	157.50 	264 	2005-12-05 	[92]
Sōsa 	匝瑳市 	Chiba 	41,361 	101.78 	406 	2006-01-23 	[93]
Minamibōsō 	南房総市 	Chiba 	43,553 	230.22 	189 	2006-03-20 	[94]
Katori 	香取市 	Chiba 	85,193 	262.31 	325 	2006-03-27 	[95]
Sanmu 	山武市 	Chiba 	57,806 	146.38 	395 	2006-03-27 	[96]
Matsuyama 	松山市 	Ehime 	515,068 	429.03 	1,201 	1889-12-15 	[97]
Niihama 	新居浜市 	Ehime 	123,329 	234.30 	526 	1937-11-03 	[98]
Shikokuchūō 	四国中央市 	Ehime 	91,688 	420.10 	218 	2004-04-01 	[99]
Seiyo 	西予市 	Ehime 	43,476 	514.79 	84.5 	2004-04-01 	[100]
Tōon 	東温市 	Ehime 	35,517 	211.45 	168 	2004-09-21 	[101]
Saijō 	西条市 	Ehime 	112,543 	509.05 	221 	2004-11-01 	[102]
Ōzu 	大洲市 	Ehime 	49,543 	432.20 	115 	2005-01-11 	[103]
Imabari 	今治市 	Ehime 	170,986 	419.85 	407 	2005-01-16 	[104]
Yawatahama 	八幡浜市 	Ehime 	40,010 	132.98 	301 	2005-03-28 	[105]
Iyo 	伊予市 	Ehime 	38,890 	194.47 	200 	2005-04-01 	[106]
Uwajima 	宇和島市 	Ehime 	86,819 	469.52 	185 	2005-08-01 	[107]
Fukui 	福井市 	Fukui 	268,574 	536.17 	501 	1889-04-01 	[108]
Tsuruga 	敦賀市 	Fukui 	68,188 	250.75 	272 	1937-04-01 	[109]
Obama 	小浜市 	Fukui 	31,486 	232.86 	135 	1951-03-30 	[110]
Ōno 	大野市 	Fukui 	36,763 	872.30 	42.1 	1954-07-01 	[111]
Katsuyama 	勝山市 	Fukui 	26,333 	253.68 	104 	1954-09-01 	[112]
Sabae 	鯖江市 	Fukui 	67,430 	84.75 	796 	1955-01-15 	[113]
Awara 	あわら市 	Fukui 	30,765 	116.99 	263 	2004-03-01 	[114]
Echizen 	越前市 	Fukui 	87,116 	230.75 	378 	2005-10-01 	[115]
Sakai 	坂井市 	Fukui 	92,420 	209.91 	440 	2006-03-20 	[116]
Fukuoka 	福岡市 	Fukuoka 	1,430,371 	340.96 	4,195 	1889-04-01 	[117]
Kurume 	久留米市 	Fukuoka 	305,147 	229.84 	1,328 	1889-04-01 	[118]
Ōmuta 	大牟田市 	Fukuoka 	127,474 	81.55 	1,563 	1917-03-01 	[119]
Nōgata 	直方市 	Fukuoka 	57,319 	61.78 	928 	1931-01-01 	[120]
Tagawa 	田川市 	Fukuoka 	50,484 	54.52 	926 	1943-11-03 	[121]
Yanagawa 	柳川市 	Fukuoka 	72,798 	76.90 	947 	1952-04-01 	[122]
Yame 	八女市 	Fukuoka 	42,241 	98.66 	428 	1954-04-01 	[123]
Chikugo 	筑後市 	Fukuoka 	48,281 	41.85 	1,154 	1954-04-01 	[124]
Ōkawa 	大川市 	Fukuoka 	38,266 	33.61 	1,139 	1954-04-01 	[125]
Yukuhashi 	行橋市 	Fukuoka 	70,064 	69.83 	1,003 	1954-10-10 	[126]
Buzen 	豊前市 	Fukuoka 	27,578 	111.17 	248 	1955-04-10 	[127]
Nakama 	中間市 	Fukuoka 	45,549 	15.98 	2,850 	1958-11-01 	[128]
Kitakyūshū 	北九州市 	Fukuoka 	986,998 	487.71 	2,024 	1963-02-10 	[129]
Ogōri 	小郡市 	Fukuoka 	58,460 	45.50 	1,285 	1972-04-01 	[130]
Chikushino 	筑紫野市 	Fukuoka 	98,914 	87.78 	1,127 	1972-04-01 	[131]
Kasuga 	春日市 	Fukuoka 	107,845 	14.15 	7,622 	1972-04-01 	[132]
Ōnojō 	大野城市 	Fukuoka 	94,037 	26.88 	3,498 	1972-04-01 	[133]
Munakata 	宗像市 	Fukuoka 	94,877 	119.66 	793 	1981-04-01 	[134]
Dazaifu 	太宰府市 	Fukuoka 	68,561 	29.58 	2,318 	1982-04-01 	[135]
Koga 	古賀市 	Fukuoka 	57,084 	42.11 	1,356 	1997-10-01 	[136]
Fukutsu 	福津市 	Fukuoka 	55,123 	52.70 	1,046 	2005-01-24 	[137]
Ukiha 	うきは市 	Fukuoka 	32,277 	117.55 	275 	2005-03-20 	[138]
Miyawaka 	宮若市 	Fukuoka 	30,793 	139.99 	220 	2006-02-11 	[139]
Asakura 	朝倉市 	Fukuoka 	57,881 	246.73 	235 	2006-03-20 	[140]
Iizuka 	飯塚市 	Fukuoka 	132,208 	214.13 	617 	2006-03-26 	[141]
Kama 	嘉麻市 	Fukuoka 	44,431 	135.18 	329 	2006-03-27 	[142]
Miyama 	みやま市 	Fukuoka 	42,219 	105.12 	402 	2007-01-29 	[143]
Itoshima 	糸島市 	Fukuoka 	- 	216.12 	- 	2010-01-01 	[144]
Aizuwakamatsu 	会津若松市 	Fukushima 	129,388 	383.03 	338 	1899-04-01 	[145]
Fukushima 	福島市 	Fukushima 	289,355 	746.43 	388 	1907-04-01 	[146]
Kōriyama 	郡山市 	Fukushima 	339,395 	757.06 	448 	1924-09-01 	[147]
Sukagawa 	須賀川市 	Fukushima 	80,336 	279.55 	287 	1954-03-31 	[148]
Sōma 	相馬市 	Fukushima 	38,543 	197.67 	195 	1954-03-31 	[149]
Iwaki 	いわき市 	Fukushima 	349,947 	1,231.34 	284 	1966-10-01 	[150]
Tamura 	田村市 	Fukushima 	42,221 	458.30 	92.1 	2005-03-01 	[151]
Shirakawa 	白河市 	Fukushima 	65,665 	305.30 	215 	2005-11-07 	[152]
Nihonmatsu 	二本松市 	Fukushima 	61,698 	344.65 	179 	2005-12-01 	[153]
Minamisōma 	南相馬市 	Fukushima 	71,761 	398.50 	180 	2006-01-01 	[154]
Date 	伊達市 	Fukushima 	67,487 	265.10 	255 	2006-01-01 	[155]
Kitakata 	喜多方市 	Fukushima 	54,684 	554.67 	98.6 	2006-01-04 	[156]
Motomiya 	本宮市 	Fukushima 	31,737 	87.94 	361 	2007-01-01 	[157]
Gifu 	岐阜市 	Gifu 	412,779 	202.89 	2,034 	1889-07-01 	[158]
Ōgaki 	大垣市 	Gifu 	163,047 	206.52 	789 	1918-04-01 	[159]
Takayama 	高山市 	Gifu 	94,879 	2,177.67 	43.6 	1936-11-01 	[160]
Tajimi 	多治見市 	Gifu 	114,866 	91.24 	1,259 	1940-08-01 	[161]
Seki 	関市 	Gifu 	92,896 	472.84 	196 	1950-10-15 	[162]
Nakatsugawa 	中津川市 	Gifu 	83,116 	676.38 	123 	1952-04-01 	[163]
Mino 	美濃市 	Gifu 	22,912 	117.05 	196 	1954-04-01 	[164]
Mizunami 	瑞浪市 	Gifu 	41,556 	175.00 	237 	1954-04-01 	[165]
Hashima 	羽島市 	Gifu 	67,167 	53.64 	1,252 	1954-04-01 	[166]
Minokamo 	美濃加茂市 	Gifu 	53,988 	74.81 	722 	1954-04-01 	[167]
Toki 	土岐市 	Gifu 	61,393 	116.01 	529 	1955-02-01 	[168]
Kakamigahara 	各務原市 	Gifu 	145,126 	87.77 	1,653 	1963-04-01 	[169]
Kani 	可児市 	Gifu 	99,318 	87.60 	1,134 	1982-04-01 	[170]
Yamagata 	山県市 	Gifu 	29,857 	222.04 	134 	2003-04-01 	[171]
Mizuho 	瑞穂市 	Gifu 	51,230 	28.18 	1,818 	2003-05-01 	[172]
Hida 	飛騨市 	Gifu 	28,112 	792.31 	35.5 	2004-02-01 	[173]
Motosu 	本巣市 	Gifu 	34,729 	374.57 	92.7 	2004-02-01 	[174]
Gujō 	郡上市 	Gifu 	46,338 	1,030.79 	45.0 	2004-03-01 	[175]
Gero 	下呂市 	Gifu 	37,455 	851.06 	44.0 	2004-03-01 	[176]
Ena 	恵那市 	Gifu 	54,844 	504.19 	109 	2004-10-25 	[177]
Kaizu 	海津市 	Gifu 	38,532 	112.31 	343 	2005-03-28 	[178]
Maebashi 	前橋市 	Gunma 	318,058 	241.22 	1,319 	1892-04-01 	[179]
Takasaki 	高崎市 	Gunma 	341,838 	401.01 	852 	1900-04-01 	[180]
Kiryū 	桐生市 	Gunma 	124,892 	274.57 	455 	1921-03-01 	[181]
Isesaki 	伊勢崎市 	Gunma 	204,240 	139.33 	1,466 	1940-09-13 	[182]
Ōta 	太田市 	Gunma 	214,049 	176.49 	1,213 	1948-05-03 	[183]
Numata 	沼田市 	Gunma 	52,319 	443.37 	118 	1954-04-01 	[184]
Tatebayashi 	館林市 	Gunma 	79,023 	60.98 	1,296 	1954-04-01 	[185]
Fujioka 	藤岡市 	Gunma 	68,710 	180.09 	382 	1954-04-01 	[186]
Shibukawa 	渋川市 	Gunma 	86,134 	240.42 	358 	2006-02-20 	[187]
Annaka 	安中市 	Gunma 	62,270 	276.34 	225 	2006-03-18 	[188]
Tomioka 	富岡市 	Gunma 	53,332 	122.90 	434 	2006-03-27 	[189]
Midori 	みどり市 	Gunma 	51,964 	208.23 	250 	2006-03-27 	[190]
Hiroshima 	広島市 	Hiroshima 	1,163,806 	905.13 	1,286 	1889-04-01 	[191]
Onomichi 	尾道市 	Hiroshima 	148,085 	284.85 	520 	1898-04-01 	[192]
Kure 	呉市 	Hiroshima 	246,118 	353.74 	696 	1902-10-01 	[193]
Fukuyama 	福山市 	Hiroshima 	461,368 	518.07 	891 	1916-07-01 	[194]
Mihara 	三原市 	Hiroshima 	103,209 	471.03 	219 	1936-11-15 	[195]
Fuchū 	府中市 	Hiroshima 	44,212 	195.71 	226 	1954-03-31 	[196]
Miyoshi 	三次市 	Hiroshima 	58,264 	778.19 	74.9 	1954-03-31 	[197]
Shōbara 	庄原市 	Hiroshima 	41,747 	1,246.60 	33.5 	1954-03-31 	[198]
Ōtake 	大竹市 	Hiroshima 	29,665 	78.55 	378 	1954-09-01 	[199]
Takehara 	竹原市 	Hiroshima 	29,803 	118.30 	252 	1958-11-03 	[200]
Higashihiroshima 	東広島市 	Hiroshima 	187,711 	635.32 	295 	1974-04-20 	[201]
Hatsukaichi 	廿日市市 	Hiroshima 	115,184 	489.36 	235 	1988-04-01 	[202]
Akitakata 	安芸高田市 	Hiroshima 	32,323 	537.79 	60.1 	2004-03-01 	[203]
Etajima 	江田島市 	Hiroshima 	28,601 	100.97 	283 	2004-11-01 	[204]
Sapporo 	札幌市 	Hokkaidō 	1,918,096 	1,710.00 	1,699 	1922-08-01 	[205]
Hakodate 	函館市 	Hokkaidō 	277,056 	677.89 	409 	1922-08-01 	[206]
Otaru 	小樽市 	Hokkaidō 	130,255 	243.30 	535 	1922-08-01 	[207]
Asahikawa 	旭川市 	Hokkaidō 	350,511 	747.60 	469 	1922-08-01 	[208]
Muroran 	室蘭市 	Hokkaidō 	93,078 	80.65 	1,154 	1922-08-01 	[209]
Obihiro 	帯広市 	Hokkaidō 	168,188 	618.94 	272 	1933-04-01 	[210]
Yūbari 	夕張市 	Hokkaidō 	10,471 	763.20 	13.7 	1943-04-01 	[211]
Iwamizawa 	岩見沢市 	Hokkaidō 	89,023 	481.10 	185 	1943-04-01 	[212]
Abashiri 	網走市 	Hokkaidō 	38,548 	471.00 	81.8 	1947-02-11 	[213]
Rumoi 	留萌市 	Hokkaidō 	24,036 	297.44 	80.8 	1947-10-01 	[214]
Tomakomai 	苫小牧市 	Hokkaidō 	173,761 	561.49 	309 	1948-04-01 	[215]
Wakkanai 	稚内市 	Hokkaidō 	37,911 	760.83 	49.8 	1949-04-01 	[216]
Bibai 	美唄市 	Hokkaidō 	25,312 	277.61 	91.2 	1950-04-01 	[217]
Ashibetsu 	芦別市 	Hokkaidō 	16,465 	865.02 	19.0 	1953-04-01 	[218]
Ebetsu 	江別市 	Hokkaidō 	120,940 	187.57 	645 	1954-07-01 	[219]
Akabira 	赤平市 	Hokkaidō 	12,234 	129.88 	94.2 	1954-07-01 	[220]
Monbetsu 	紋別市 	Hokkaidō 	24,293 	830.70 	29.2 	1954-07-01 	[221]
Mikasa 	三笠市 	Hokkaidō 	10,070 	302.64 	33.3 	1957-04-01 	[222]
Nemuro 	根室市 	Hokkaidō 	28,923 	512.63 	56.4 	1957-08-01 	[223]
Chitose 	千歳市 	Hokkaidō 	94,124 	594.95 	158 	1958-07-01 	[224]
Takikawa 	滝川市 	Hokkaidō 	42,815 	115.82 	370 	1958-07-01 	[225]
Sunagawa 	砂川市 	Hokkaidō 	18,740 	78.69 	238 	1958-07-01 	[226]
Utashinai 	歌志内市 	Hokkaidō 	4,259 	55.99 	76.1 	1958-07-01 	[227]
Fukagawa 	深川市 	Hokkaidō 	23,215 	529.23 	43.9 	1963-05-01 	[228]
Furano 	富良野市 	Hokkaidō 	23,890 	600.97 	39.8 	1966-05-01 	[229]
Noboribetsu 	登別市 	Hokkaidō 	51,474 	212.11 	243 	1970-08-01 	[230]
Eniwa 	恵庭市 	Hokkaidō 	68,754 	294.87 	233 	1970-11-01 	[231]
Date 	伊達市 	Hokkaidō 	36,461 	444.28 	82.1 	1972-04-01 	[232]
Kitahiroshima 	北広島市 	Hokkaidō 	60,291 	118.54 	509 	1996-09-01 	[233]
Ishikari 	石狩市 	Hokkaidō 	60,616 	721.86 	84.0 	1996-09-01 	[234]
Shibetsu 	士別市 	Hokkaidō 	21,640 	1,119.29 	19.3 	2005-09-01 	[235]
Kushiro 	釧路市 	Hokkaidō 	182,263 	1,362.75 	134 	2005-10-11 	[236]
Hokuto 	北斗市 	Hokkaidō 	48,779 	397.30 	123 	2006-02-01 	[237]
Kitami 	北見市 	Hokkaidō 	124,291 	1,427.56 	87.1 	2006-03-05 	[238]
Nayoro 	名寄市 	Hokkaidō 	29,869 	535.23 	55.8 	2006-03-27 	[239]
Kobe 	神戸市 	Hyōgo 	1,530,847 	552.23 	2,772 	1889-04-01 	[240]
Himeji 	姫路市 	Hyōgo 	536,170 	534.27 	1,004 	1889-04-01 	[241]
Amagasaki 	尼崎市 	Hyōgo 	461,202 	49.77 	9,267 	1916-04-01 	[242]
Akashi 	明石市 	Hyōgo 	292,162 	49.24 	5,933 	1919-11-01 	[243]
Nishinomiya 	西宮市 	Hyōgo 	477,056 	99.96 	4,772 	1925-04-01 	[244]
Ashiya 	芦屋市 	Hyōgo 	92,828 	18.47 	5,026 	1940-11-10 	[245]
Itami 	伊丹市 	Hyōgo 	194,488 	24.97 	7,789 	1940-11-10 	[246]
Aioi 	相生市 	Hyōgo 	31,973 	90.45 	353 	1942-10-01 	[247]
Toyooka 	豊岡市 	Hyōgo 	87,555 	697.66 	125 	1950-04-01 	[248]
Kakogawa 	加古川市 	Hyōgo 	267,631 	138.51 	1,932 	1950-06-15 	[249]
Akō 	赤穂市 	Hyōgo 	51,277 	126.88 	404 	1951-09-01 	[250]
Takarazuka 	宝塚市 	Hyōgo 	222,071 	101.80 	2,181 	1954-04-01 	[251]
Miki 	三木市 	Hyōgo 	83,244 	176.58 	471 	1954-06-01 	[252]
Takasago 	高砂市 	Hyōgo 	94,198 	34.40 	2,738 	1954-07-01 	[253]
Kawanishi 	川西市 	Hyōgo 	157,461 	53.44 	2,947 	1954-08-01 	[254]
Ono 	小野市 	Hyōgo 	49,664 	92.92 	534 	1954-12-01 	[255]
Sanda 	三田市 	Hyōgo 	113,600 	210.22 	540 	1958-07-01 	[256]
Kasai 	加西市 	Hyōgo 	48,435 	150.95 	321 	1967-04-01 	[257]
Sasayama 	篠山市 	Hyōgo 	44,345 	377.61 	117 	1999-04-01 	[258]
Yabu 	養父市 	Hyōgo 	27,428 	422.78 	64.9 	2004-04-01 	[259]
Tamba 	丹波市 	Hyōgo 	69,233 	493.28 	140 	2004-11-01 	[260]
Minamiawaji 	南あわじ市 	Hyōgo 	51,069 	229.18 	223 	2005-01-11 	[261]
Asago 	朝来市 	Hyōgo 	34,084 	402.98 	84.6 	2005-04-01 	[262]
Awaji 	淡路市 	Hyōgo 	47,849 	184.21 	260 	2005-04-01 	[263]
Shisō 	宍粟市 	Hyōgo 	42,302 	658.60 	64.2 	2005-04-01 	[264]
Nishiwaki 	西脇市 	Hyōgo 	43,126 	132.47 	326 	2005-10-01 	[265]
Tatsuno 	たつの市 	Hyōgo 	80,988 	210.93 	384 	2005-10-01 	[266]
Sumoto 	洲本市 	Hyōgo 	48,631 	182.47 	267 	2006-02-11 	[267]
Katō 	加東市 	Hyōgo 	39,935 	157.49 	254 	2006-03-20 	[268]
Mito 	水戸市 	Ibaraki 	264,062 	217.43 	1,214 	1889-04-01 	[269]
Hitachi 	日立市 	Ibaraki 	195,844 	225.55 	868 	1939-09-01 	[270]
Tsuchiura 	土浦市 	Ibaraki 	143,986 	113.82 	1,265 	1940-11-03 	[271]
Yūki 	結城市 	Ibaraki 	52,065 	65.84 	791 	1954-03-15 	[272]
Ryūgasaki 	龍ヶ崎市 	Ibaraki 	79,295 	78.20 	1,014 	1954-03-20 	[273]
Shimotsuma 	下妻市 	Ibaraki 	45,918 	80.88 	568 	1954-06-01 	[274]
Jōsō 	常総市 	Ibaraki 	65,858 	123.52 	533 	1954-07-10 	[275]
Hitachiōta 	常陸太田市 	Ibaraki 	58,461 	372.01 	157 	1954-07-15 	[276]
Takahagi 	高萩市 	Ibaraki 	32,031 	193.65 	165 	1954-11-23 	[277]
Kitaibaraki 	北茨城市 	Ibaraki 	48,437 	186.55 	260 	1956-03-31 	[278]
Toride 	取手市 	Ibaraki 	109,953 	69.96 	1,572 	1970-10-01 	[279]
Ushiku 	牛久市 	Ibaraki 	79,254 	58.88 	1,346 	1986-06-01 	[280]
Tsukuba 	つくば市 	Ibaraki 	207,314 	284.07 	730 	1987-11-30 	[281]
Hitachinaka 	ひたちなか市 	Ibaraki 	155,338 	99.04 	1,568 	1994-11-01 	[282]
Kashima 	鹿嶋市 	Ibaraki 	65,193 	92.96 	701 	1995-09-01 	[283]
Itako 	潮来市 	Ibaraki 	31,103 	62.67 	496 	2001-04-01 	[284]
Moriya 	守谷市 	Ibaraki 	57,793 	35.63 	1,622 	2002-02-02 	[285]
Hitachiōmiya 	常陸大宮市 	Ibaraki 	46,729 	348.38 	134 	2004-10-16 	[286]
Naka 	那珂市 	Ibaraki 	54,618 	97.80 	558 	2005-01-21 	[287]
Bandō 	坂東市 	Ibaraki 	57,128 	123.18 	464 	2005-03-22 	[288]
Inashiki 	稲敷市 	Ibaraki 	48,125 	178.12 	270 	2005-03-22 	[289]
Chikusei 	筑西市 	Ibaraki 	110,813 	205.35 	540 	2005-03-28 	[290]
Kasumigaura 	かすみがうら市 	Ibaraki 	44,450 	118.77 	374 	2005-03-28 	[291]
Kamisu 	神栖市 	Ibaraki 	93,538 	147.24 	635 	2005-08-01 	[292]
Namegata 	行方市 	Ibaraki 	39,117 	166.33 	235 	2005-09-02 	[293]
Koga 	古河市 	Ibaraki 	144,392 	123.58 	1,168 	2005-09-12 	[294]
Ishioka 	石岡市 	Ibaraki 	80,502 	213.38 	377 	2005-10-01 	[295]
Sakuragawa 	桜川市 	Ibaraki 	47,480 	179.78 	264 	2005-10-01 	[296]
Hokota 	鉾田市 	Ibaraki 	50,869 	203.90 	249 	2005-10-11 	[297]
Kasama 	笠間市 	Ibaraki 	80,646 	240.27 	336 	2006-03-19 	[298]
Tsukubamirai 	つくばみらい市 	Ibaraki 	41,957 	79.14 	530 	2006-03-27 	[299]
Omitama 	小美玉市 	Ibaraki 	52,834 	140.21 	377 	2006-03-27 	[300]
Kanazawa 	金沢市 	Ishikawa 	455,595 	467.77 	974 	1889-04-01 	[301]
Nonoichi 	野々市市 	Ishikawa 	51,976 	13.56 	3,800 	2011-11-11 	[302]
Nanao 	七尾市 	Ishikawa 	60,140 	317.96 	189 	1939-07-20 	[303]
Komatsu 	小松市 	Ishikawa 	109,285 	371.13 	294 	1940-12-01 	[304]
Suzu 	珠洲市 	Ishikawa 	17,111 	247.20 	69.2 	1954-07-15 	[305]
Hakui 	羽咋市 	Ishikawa 	23,963 	81.96 	292 	1958-07-01 	[306]
Kahoku 	かほく市 	Ishikawa 	34,747 	64.76 	537 	2004-03-01 	[307]
Hakusan 	白山市 	Ishikawa 	110,563 	755.17 	146 	2005-02-01 	[308]
Nomi 	能美市 	Ishikawa 	48,106 	83.85 	574 	2005-02-01 	[309]
Kaga 	加賀市 	Ishikawa 	73,745 	306.00 	241 	2005-10-01 	[310]
Wajima 	輪島市 	Ishikawa 	31,532 	426.25 	74.0 	2006-02-01 	[311]
Morioka 	盛岡市 	Iwate 	299,746 	886.47 	338 	1889-04-01 	[312]
Kamaishi 	釜石市 	Iwate 	41,348 	441.42 	93.7 	1937-05-05 	[313]
Ōfunato 	大船渡市 	Iwate 	42,119 	323.28 	130 	1952-04-01 	[314]
Rikuzentakata 	陸前高田市 	Iwate 	23,961 	232.29 	103 	1955-01-01 	[315]
Kitakami 	北上市 	Iwate 	94,806 	437.55 	217 	1991-04-01 	[316]
Miyako 	宮古市 	Iwate 	58,342 	696.82 	83.7 	2005-06-06 	[317]
Hachimantai 	八幡平市 	Iwate 	29,993 	862.25 	34.8 	2005-09-01 	[318]
Ichinoseki 	一関市 	Iwate 	123,155 	1,133.10 	109 	2005-09-20 	[319]
Tōno 	遠野市 	Iwate 	30,587 	825.62 	37.0 	2005-10-01 	[320]
Hanamaki 	花巻市 	Iwate 	103,718 	908.32 	114 	2006-01-01 	[321]
Ninohe 	二戸市 	Iwate 	30,685 	420.31 	73.0 	2006-01-01 	[322]
Ōshū 	奥州市 	Iwate 	128,273 	993.35 	129 	2006-02-20 	[323]
Kuji 	久慈市 	Iwate 	37,824 	623.14 	60.7 	2006-03-06 	[324]
Takizawa 	滝沢市 	Iwate 	- 	182.32 	- 	2014-01-01 	[325]
Takamatsu 	高松市 	Kagawa 	418,557 	375.11 	1,116 	1890-02-15 	[326]
Marugame 	丸亀市 	Kagawa 	110,550 	111.79 	989 	1899-04-01 	[327]
Sakaide 	坂出市 	Kagawa 	56,501 	92.46 	611 	1942-07-01 	[328]
Zentsūji 	善通寺市 	Kagawa 	35,180 	39.88 	882 	1954-03-31 	[329]
Sanuki 	さぬき市 	Kagawa 	54,832 	158.90 	345 	2002-04-01 	[330]
Higashikagawa 	東かがわ市 	Kagawa 	34,953 	153.35 	228 	2003-04-01 	[331]
Mitoyo 	三豊市 	Kagawa 	69,997 	222.66 	314 	2006-01-01 	[332]
Kan'onji 	観音寺市 	Kagawa 	64,020 	117.47 	545 	2007-03-12 	[333]
Kagoshima 	鹿児島市 	Kagoshima 	605,196 	547.06 	1,106 	1889-04-01 	[334]
Kanoya 	鹿屋市 	Kagoshima 	105,673 	448.33 	236 	1941-05-27 	[335]
Makurazaki 	枕崎市 	Kagoshima 	24,400 	74.88 	326 	1949-09-01 	[336]
Akune 	阿久根市 	Kagoshima 	24,166 	134.30 	180 	1952-04-01 	[337]
Izumi 	出水市 	Kagoshima 	56,851 	330.06 	172 	1954-04-01 	[338]
Ibusuki 	指宿市 	Kagoshima 	45,455 	149.01 	305 	1954-04-01 	[339]
Minamisatsuma 	南さつま市 	Kagoshima 	40,386 	283.35 	143 	1954-07-15 	[340]
Nishinoomote 	西之表市 	Kagoshima 	17,666 	205.75 	85.9 	1958-10-01 	[341]
Tarumizu 	垂水市 	Kagoshima 	18,078 	162.01 	112 	1958-10-01 	[342]
Satsumasendai 	薩摩川内市 	Kagoshima 	100,730 	683.50 	147 	2004-10-12 	[343]
Hioki 	日置市 	Kagoshima 	51,472 	253.06 	203 	2005-05-01 	[344]
Soo 	曽於市 	Kagoshima 	41,179 	390.39 	105 	2005-07-01 	[345]
Ichikikushikino 	いちき串木野市 	Kagoshima 	32,079 	112.04 	286 	2005-10-11 	[346]
Kirishima 	霧島市 	Kagoshima 	127,726 	603.68 	212 	2005-11-07 	[347]
Shibushi 	志布志市 	Kagoshima 	34,105 	289.93 	118 	2006-01-01 	[348]
Amami 	奄美市 	Kagoshima 	48,116 	306.20 	157 	2006-03-20 	[349]
Minamikyūshū 	南九州市 	Kagoshima 	40,891 	357.85 	114 	2007-12-01 	[350]
Isa 	伊佐市 	Kagoshima 	- 	392.36 	- 	2008-11-01 	[351]
Aira 	姶良市 	Kagoshima 	- 	231.32 	- 	2010-03-23 	[352]
Yokohama 	横浜市 	Kanagawa 	3,697,894 	437.38 	8,500 	1889-04-01 	[353]
Yokosuka 	横須賀市 	Kanagawa 	421,397 	100.68 	4,186 	1907-02-15 	[354]
Kawasaki 	川崎市 	Kanagawa 	1,373,630 	142.70 	9,626 	1924-07-01 	[355]
Hiratsuka 	平塚市 	Kanagawa 	260,419 	67.83 	3,839 	1932-04-01 	[356]
Kamakura 	鎌倉市 	Kanagawa 	173,588 	39.60 	4,384 	1939-11-03 	[357]
Fujisawa 	藤沢市 	Kanagawa 	402,628 	69.51 	5,792 	1940-10-01 	[358]
Odawara 	小田原市 	Kanagawa 	198,841 	114.09 	1,743 	1940-12-20 	[359]
Chigasaki 	茅ヶ崎市 	Kanagawa 	231,005 	35.71 	6,469 	1947-10-01 	[360]
Zushi 	逗子市 	Kanagawa 	58,654 	17.34 	3,383 	1954-04-15 	[361]
Sagamihara 	相模原市 	Kanagawa 	706,342 	328.84 	2,148 	1954-11-20 	[362]
Miura 	三浦市 	Kanagawa 	49,371 	32.28 	1,529 	1955-01-01 	[363]
Hadano 	秦野市 	Kanagawa 	169,201 	103.61 	1,633 	1955-01-01 	[364]
Atsugi 	厚木市 	Kanagawa 	225,163 	93.83 	2,400 	1955-02-01 	[365]
Yamato 	大和市 	Kanagawa 	223,127 	27.06 	8,246 	1959-02-01 	[366]
Isehara 	伊勢原市 	Kanagawa 	100,779 	55.52 	1,815 	1971-03-01 	[367]
Ebina 	海老名市 	Kanagawa 	126,035 	26.48 	4,760 	1971-11-01 	[368]
Zama 	座間市 	Kanagawa 	127,582 	17.58 	7,257 	1971-11-01 	[369]
Minamiashigara 	南足柄市 	Kanagawa 	44,285 	76.93 	576 	1972-04-01 	[370]
Ayase 	綾瀬市 	Kanagawa 	82,083 	22.28 	3,684 	1978-11-01 	[371]
Kōchi 	高知市 	Kōchi 	342,944 	309.22 	1,109 	1889-04-01 	[372]
Sukumo 	宿毛市 	Kōchi 	23,771 	286.11 	83.1 	1954-03-31 	[373]
Aki 	安芸市 	Kōchi 	20,555 	317.34 	64.8 	1954-08-01 	[374]
Tosashimizu 	土佐清水市 	Kōchi 	17,421 	266.54 	65.4 	1954-08-01 	[375]
Susaki 	須崎市 	Kōchi 	25,679 	135.46 	190 	1954-10-01 	[376]
Tosa 	土佐市 	Kōchi 	29,726 	91.59 	325 	1959-01-01 	[377]
Muroto 	室戸市 	Kōchi 	17,683 	248.25 	71.2 	1959-03-01 	[378]
Nankoku 	南国市 	Kōchi 	50,315 	125.35 	401 	1959-10-01 	[379]
Shimanto 	四万十市 	Kōchi 	37,182 	632.42 	58.8 	2005-04-10 	[380]
Kami 	香美市 	Kōchi 	29,144 	538.22 	54.1 	2006-03-01 	[381]
Kōnan 	香南市 	Kōchi 	34,084 	126.49 	269 	2006-03-01 	[382]
Kumamoto 	熊本市 	Kumamoto 	670,348 	267.23 	2,509 	1889-04-01 	[383]
Yatsushiro 	八代市 	Kumamoto 	134,491 	680.59 	198 	1940-09-01 	[384]
Hitoyoshi 	人吉市 	Kumamoto 	36,556 	210.55 	174 	1942-02-11 	[385]
Arao 	荒尾市 	Kumamoto 	55,505 	57.15 	971 	1942-04-01 	[386]
Minamata 	水俣市 	Kumamoto 	28,123 	162.88 	173 	1949-04-01 	[387]
Tamana 	玉名市 	Kumamoto 	70,747 	152.55 	464 	1954-04-01 	[388]
Yamaga 	山鹿市 	Kumamoto 	56,741 	299.67 	189 	1954-04-01 	[389]
Kikuchi 	菊池市 	Kumamoto 	51,471 	276.66 	186 	1958-08-01 	[390]
Uto 	宇土市 	Kumamoto 	37,897 	74.19 	511 	1958-10-01 	[391]
Kami-Amakusa 	上天草市 	Kumamoto 	31,051 	126.13 	246 	2004-03-31 	[392]
Uki 	宇城市 	Kumamoto 	62,718 	188.56 	333 	2005-01-15 	[393]
Aso 	阿蘇市 	Kumamoto 	29,149 	376.25 	77.5 	2005-02-11 	[394]
Kōshi 	合志市 	Kumamoto 	53,490 	53.17 	1,006 	2006-02-27 	[395]
Amakusa 	天草市 	Kumamoto 	93,047 	683.17 	136 	2006-03-27 	[396]
Kyoto 	京都市 	Kyoto 	1,474,570 	827.90 	1,800 	1889-04-01 	[397]
Fukuchiyama 	福知山市 	Kyoto 	80,836 	552.57 	146 	1937-04-01 	[398]
Maizuru 	舞鶴市 	Kyoto 	90,461 	342.15 	264 	1943-05-27 	[399]
Ayabe 	綾部市 	Kyoto 	37,081 	347.11 	107 	1950-08-01 	[400]
Uji 	宇治市 	Kyoto 	191,297 	67.55 	2,832 	1951-03-01 	[401]
Miyazu 	宮津市 	Kyoto 	20,565 	169.32 	121 	1954-06-01 	[402]
Kameoka 	亀岡市 	Kyoto 	93,641 	224.90 	416 	1955-01-01 	[403]
Jōyō 	城陽市 	Kyoto 	80,795 	32.74 	2,468 	1972-05-03 	[404]
Mukō 	向日市 	Kyoto 	55,137 	7.67 	7,189 	1972-10-01 	[405]
Nagaokakyō 	長岡京市 	Kyoto 	79,031 	19.18 	4,120 	1972-10-01 	[406]
Yawata 	八幡市 	Kyoto 	73,822 	24.37 	3,029 	1977-11-01 	[407]
Kyōtanabe 	京田辺市 	Kyoto 	65,211 	42.94 	1,519 	1997-04-01 	[408]
Kyōtango 	京丹後市 	Kyoto 	60,980 	501.84 	122 	2004-04-01 	[409]
Nantan 	南丹市 	Kyoto 	35,937 	616.31 	58.3 	2006-06-01 	[410]
Kizugawa 	木津川市 	Kyoto 	66,783 	85.12 	785 	2007-03-12 	[411]
Yokkaichi 	四日市市 	Mie 	306,584 	205.53 	1,492 	1897-08-01 	[412]
Matsusaka 	松阪市 	Mie 	169,571 	623.82 	272 	1933-02-01 	[413]
Kuwana 	桑名市 	Mie 	140,816 	136.61 	1,031 	1937-04-01 	[414]
Suzuka 	鈴鹿市 	Mie 	197,437 	194.67 	1,014 	1942-12-01 	[415]
Nabari 	名張市 	Mie 	81,184 	129.76 	626 	1954-03-31 	[416]
Owase 	尾鷲市 	Mie 	21,272 	193.16 	110 	1954-06-20 	[417]
Kameyama 	亀山市 	Mie 	50,304 	190.91 	263 	1954-10-01 	[418]
Toba 	鳥羽市 	Mie 	22,286 	107.98 	206 	1954-11-01 	[419]
Inabe 	いなべ市 	Mie 	46,676 	219.58 	213 	2003-12-01 	[420]
Shima 	志摩市 	Mie 	56,758 	179.70 	316 	2004-10-01 	[421]
Iga 	伊賀市 	Mie 	99,662 	558.17 	179 	2004-11-01 	[422]
Ise 	伊勢市 	Mie 	133,547 	208.53 	640 	2005-11-01 	[423]
Kumano 	熊野市 	Mie 	20,477 	373.63 	54.8 	2005-11-01 	[424]
Tsu 	津市 	Mie 	289,215 	710.81 	407 	2006-01-01 	[425]
Sendai 	仙台市 	Miyagi 	1,029,552 	783.54 	1,314 	1889-04-01 	[426]
Ishinomaki 	石巻市 	Miyagi 	163,840 	555.77 	295 	1933-04-01 	[427]
Shiogama 	塩竈市 	Miyagi 	58,057 	17.86 	3,251 	1941-11-23 	[428]
Shiroishi 	白石市 	Miyagi 	38,629 	286.47 	135 	1954-04-01 	[429]
Natori 	名取市 	Miyagi 	69,610 	100.06 	696 	1958-10-01 	[430]
Kakuda 	角田市 	Miyagi 	32,559 	147.58 	221 	1958-10-01 	[431]
Tagajō 	多賀城市 	Miyagi 	63,200 	19.65 	3,216 	1971-11-01 	[432]
Iwanuma 	岩沼市 	Miyagi 	44,595 	60.72 	734 	1971-11-01 	[433]
Tome 	登米市 	Miyagi 	86,940 	536.38 	162 	2005-04-01 	[434]
Kurihara 	栗原市 	Miyagi 	77,862 	804.93 	96.7 	2005-04-01 	[435]
Higashimatsushima 	東松島市 	Miyagi 	43,238 	101.86 	424 	2005-04-01 	[436]
Kesennuma 	気仙沼市 	Miyagi 	64,578 	226.67 	285 	2006-03-31 	[437]
Ōsaki 	大崎市 	Miyagi 	137,164 	796.76 	172 	2006-03-31 	[438]
Miyazaki 	宮崎市 	Miyazaki 	369,473 	596.80 	619 	1924-04-01 	[439]
Miyakonojō 	都城市 	Miyazaki 	169,384 	653.31 	259 	1924-04-01 	[440]
Nobeoka 	延岡市 	Miyazaki 	132,480 	867.97 	153 	1933-02-11 	[441]
Nichinan 	日南市 	Miyazaki 	43,264 	294.46 	147 	1950-01-01 	[442]
Kobayashi 	小林市 	Miyazaki 	40,514 	474.23 	85.4 	1950-04-01 	[443]
Hyūga 	日向市 	Miyazaki 	63,066 	336.29 	188 	1951-04-01 	[444]
Kushima 	串間市 	Miyazaki 	21,386 	294.96 	72.5 	1954-11-03 	[445]
Saito 	西都市 	Miyazaki 	33,290 	438.56 	75.9 	1958-11-01 	[446]
Ebino 	えびの市 	Miyazaki 	22,445 	283.00 	79.3 	1970-12-01 	[447]
Matsumoto 	松本市 	Nagano 	227,392 	919.35 	247 	1907-05-01 	[448]
Okaya 	岡谷市 	Nagano 	53,722 	85.14 	631 	1936-04-01 	[449]
Suwa 	諏訪市 	Nagano 	52,671 	109.06 	483 	1941-08-10 	[450]
Suzaka 	須坂市 	Nagano 	53,097 	149.84 	354 	1954-04-01 	[451]
Komoro 	小諸市 	Nagano 	45,333 	98.66 	459 	1954-04-01 	[452]
Komagane 	駒ヶ根市 	Nagano 	34,696 	165.92 	209 	1954-07-01 	[453]
Ōmachi 	大町市 	Nagano 	31,276 	564.99 	55.4 	1954-07-01 	[454]
Iiyama 	飯山市 	Nagano 	24,155 	202.32 	119 	1954-08-01 	[455]
Iida 	飯田市 	Nagano 	107,129 	658.76 	163 	1956-09-30 	[456]
Chino 	茅野市 	Nagano 	57,363 	266.41 	215 	1958-08-01 	[457]
Shiojiri 	塩尻市 	Nagano 	67,781 	290.13 	234 	1959-04-01 	[458]
Nagano 	長野市 	Nagano 	378,204 	730.83 	517 	1966-10-16 	[459]
Chikuma 	千曲市 	Nagano 	63,305 	119.84 	528 	2003-09-01 	[460]
Tōmi 	東御市 	Nagano 	31,211 	112.30 	278 	2004-04-01 	[461]
Nakano 	中野市 	Nagano 	46,295 	112.06 	413 	2005-04-01 	[462]
Saku 	佐久市 	Nagano 	100,077 	423.99 	236 	2005-04-01 	[463]
Azumino 	安曇野市 	Nagano 	97,084 	331.82 	293 	2005-10-01 	[464]
Ueda 	上田市 	Nagano 	161,887 	552.00 	293 	2006-03-06 	[465]
Ina 	伊那市 	Nagano 	71,937 	667.81 	108 	2006-03-31 	[466]
Nagasaki 	長崎市 	Nagasaki 	448,792 	406.37 	1,104 	1889-04-01 	[467]
Sasebo 	佐世保市 	Nagasaki 	254,650 	364.00 	700 	1902-04-01 	[468]
Shimabara 	島原市 	Nagasaki 	48,953 	82.77 	591 	1940-04-01 	[469]
Ōmura 	大村市 	Nagasaki 	89,650 	126.34 	710 	1942-02-11 	[470]
Tsushima 	対馬市 	Nagasaki 	36,347 	708.81 	51.3 	2004-03-01 	[471]
Iki 	壱岐市 	Nagasaki 	30,352 	138.50 	219 	2004-03-01 	[472]
Gotō 	五島市 	Nagasaki 	42,447 	420.77 	101 	2004-08-01 	[473]
Isahaya 	諫早市 	Nagasaki 	142,635 	312.24 	457 	2005-03-01 	[474]
Saikai 	西海市 	Nagasaki 	32,737 	241.95 	135 	2005-04-01 	[475]
Hirado 	平戸市 	Nagasaki 	36,785 	235.63 	156 	2005-10-01 	[476]
Unzen 	雲仙市 	Nagasaki 	48,701 	206.92 	235 	2005-10-11 	[477]
Matsuura 	松浦市 	Nagasaki 	26,007 	130.35 	200 	2006-01-01 	[478]
Minamishimabara 	南島原市 	Nagasaki 	52,347 	169.88 	308 	2006-03-31 	[479]
Nara 	奈良市 	Nara 	367,393 	276.84 	1,327 	1898-02-01 	[480]
Yamatotakada 	大和高田市 	Nara 	69,473 	16.49 	4,213 	1948-01-01 	[481]
Yamatokōriyama 	大和郡山市 	Nara 	90,223 	42.68 	2,114 	1954-01-01 	[482]
Tenri 	天理市 	Nara 	70,702 	86.37 	819 	1954-04-01 	[483]
Kashihara 	橿原市 	Nara 	124,679 	39.52 	3,155 	1956-02-11 	[484]
Sakurai 	桜井市 	Nara 	60,699 	98.92 	614 	1956-09-01 	[485]
Gojō 	五條市 	Nara 	36,002 	292.05 	123 	1957-10-15 	[486]
Gose 	御所市 	Nara 	31,160 	60.58 	514 	1958-03-31 	[487]
Ikoma 	生駒市 	Nara 	115,359 	53.18 	2,169 	1971-11-01 	[488]
Kashiba 	香芝市 	Nara 	72,967 	24.23 	3,011 	1991-10-01 	[489]
Katsuragi 	葛城市 	Nara 	35,194 	33.73 	1,043 	2004-10-01 	[490]
Uda 	宇陀市 	Nara 	35,895 	247.62 	145 	2006-01-01 	[491]
Niigata 	新潟市 	Niigata 	813,053 	726.10 	1,120 	1889-04-01 	[492]
Nagaoka 	長岡市 	Niigata 	281,222 	840.88 	334 	1906-04-01 	[493]
Kashiwazaki 	柏崎市 	Niigata 	93,506 	442.70 	211 	1940-07-01 	[494]
Shibata 	新発田市 	Niigata 	103,490 	532.82 	194 	1947-01-01 	[495]
Ojiya 	小千谷市 	Niigata 	39,304 	155.12 	253 	1954-03-10 	[496]
Kamo 	加茂市 	Niigata 	30,800 	133.68 	230 	1954-03-10 	[497]
Mitsuke 	見附市 	Niigata 	42,139 	77.96 	541 	1954-03-31 	[498]
Murakami 	村上市 	Niigata 	30,197 	142.12 	212 	1954-03-31 	[499]
Myōkō 	妙高市 	Niigata 	36,837 	445.52 	82.7 	1954-11-01 	[500]
Jōetsu 	上越市 	Niigata 	206,175 	973.32 	212 	1971-04-29 	[501]
Sado 	佐渡市 	Niigata 	65,037 	855.26 	76.0 	2004-03-01 	[502]
Agano 	阿賀野市 	Niigata 	46,158 	192.72 	240 	2004-04-01 	[503]
Uonuma 	魚沼市 	Niigata 	42,334 	946.93 	44.7 	2004-11-01 	[504]
Minami-Uonuma 	南魚沼市 	Niigata 	62,518 	584.82 	107 	2004-11-01 	[505]
Itoigawa 	糸魚川市 	Niigata 	48,653 	746.24 	65.2 	2005-03-19 	[506]
Tōkamachi 	十日町市 	Niigata 	60,480 	589.92 	103 	2005-04-01 	[507]
Sanjō 	三条市 	Niigata 	103,199 	432.01 	239 	2005-05-01 	[508]
Tainai 	胎内市 	Niigata 	32,165 	265.18 	121 	2005-09-01 	[509]
Gosen 	五泉市 	Niigata 	55,936 	351.87 	159 	2006-01-01 	[510]
Tsubame 	燕市 	Niigata 	82,910 	110.88 	748 	2006-03-20 	[511]
Ōita 	大分市 	Ōita 	467,267 	501.25 	932 	1911-04-01 	[512]
Beppu 	別府市 	Ōita 	127,345 	125.15 	1,018 	1924-04-01 	[513]
Nakatsu 	中津市 	Ōita 	84,179 	491.09 	171 	1929-04-20 	[514]
Hita 	日田市 	Ōita 	72,601 	666.19 	109 	1940-12-11 	[515]
Saiki 	佐伯市 	Ōita 	78,675 	903.44 	87.1 	1941-04-29 	[516]
Usuki 	臼杵市 	Ōita 	42,464 	291.07 	146 	1950-04-01 	[517]
Tsukumi 	津久見市 	Ōita 	20,561 	79.53 	259 	1951-04-01 	[518]
Taketa 	竹田市 	Ōita 	25,449 	477.59 	53.3 	1954-03-31 	[519]
Bungotakada 	豊後高田市 	Ōita 	24,484 	206.64 	118 	1954-05-31 	[520]
Usa 	宇佐市 	Ōita 	59,971 	439.12 	137 	1967-04-01 	[521]
Bungo-ōno 	豊後大野市 	Ōita 	40,409 	603.36 	67.0 	2005-03-31 	[522]
Kitsuki 	杵築市 	Ōita 	33,465 	280.01 	120 	2005-10-01 	[523]
Yufu 	由布市 	Ōita 	35,298 	319.16 	111 	2005-10-01 	[524]
Kunisaki 	国東市 	Ōita 	33,473 	317.81 	105 	2006-03-31 	[525]
Okayama 	岡山市 	Okayama 	701,293 	789.91 	887 	1889-06-01 	[526]
Kurashiki 	倉敷市 	Okayama 	472,452 	354.71 	1,332 	1928-04-01 	[527]
Tsuyama 	津山市 	Okayama 	109,493 	506.36 	216 	1929-02-11 	[528]
Tamano 	玉野市 	Okayama 	65,723 	103.63 	634 	1940-08-03 	[529]
Kasaoka 	笠岡市 	Okayama 	55,987 	136.03 	412 	1952-04-01 	[530]
Ibara 	井原市 	Okayama 	44,423 	243.36 	183 	1953-04-01 	[531]
Sōja 	総社市 	Okayama 	66,789 	212.00 	315 	1954-03-31 	[532]
Takahashi 	高梁市 	Okayama 	37,573 	547.01 	68.7 	1954-05-01 	[533]
Niimi 	新見市 	Okayama 	35,022 	793.27 	44.1 	1954-06-01 	[534]
Bizen 	備前市 	Okayama 	39,117 	258.23 	151 	1971-04-01 	[535]
Setouchi 	瀬戸内市 	Okayama 	38,645 	125.53 	308 	2004-11-01 	[536]
Akaiwa 	赤磐市 	Okayama 	43,742 	209.43 	209 	2005-03-07 	[537]
Maniwa 	真庭市 	Okayama 	50,405 	828.43 	60.8 	2005-03-31 	[538]
Mimasaka 	美作市 	Okayama 	31,550 	429.19 	73.5 	2005-03-31 	[539]
Asakuchi 	浅口市 	Okayama 	37,108 	66.46 	558 	2006-03-21 	[540]
Naha 	那覇市 	Okinawa 	314,162 	39.23 	7,963 	1921-05-20 	[541]
Ishigaki 	石垣市 	Okinawa 	46,489 	229.00 	195 	1947-07-10 	[542]
Ginowan 	宜野湾市 	Okinawa 	91,233 	19.70 	4,569 	1962-07-01 	[543]
Urasoe 	浦添市 	Okinawa 	108,052 	19.09 	5,516 	1970-07-01 	[544]
Nago 	名護市 	Okinawa 	60,598 	210.30 	278 	1970-08-01 	[545]
Itoman 	糸満市 	Okinawa 	56,171 	46.63 	1,200 	1971-12-01 	[546]
Okinawa 	沖縄市 	Okinawa 	128,421 	49.00 	2,565 	1974-04-01 	[547]
Tomigusuku 	豊見城市 	Okinawa 	54,586 	19.45 	2,751 	2002-04-01 	[548]
Uruma 	うるま市 	Okinawa 	114,087 	86.03 	1,313 	2005-04-01 	[549]
Miyakojima 	宮古島市 	Okinawa 	52,777 	204.54 	275 	2005-10-01 	[550]
Nanjō 	南城市 	Okinawa 	39,458 	49.70 	819 	2006-01-01 	[551]
Osaka 	大阪市 	Osaka 	2,668,586 	222.30 	11,900 	1889-04-01 	[552]
Sakai 	堺市 	Osaka 	835,333 	149.99 	5,569 	1889-04-01 	[553]
Kishiwada 	岸和田市 	Osaka 	200,538 	72.24 	2,776 	1922-11-01 	[554]
Toyonaka 	豊中市 	Osaka 	387,269 	36.38 	10,645 	1936-10-15 	[555]
Ikeda 	池田市 	Osaka 	104,426 	22.09 	4,727 	1939-04-29 	[556]
Suita 	吹田市 	Osaka 	354,600 	36.11 	9,820 	1940-04-01 	[557]
Izumiōtsu 	泉大津市 	Osaka 	78,014 	12.80 	6,095 	1942-04-01 	[558]
Takatsuki 	高槻市 	Osaka 	354,228 	105.31 	3,364 	1943-01-01 	[559]
Kaizuka 	貝塚市 	Osaka 	90,447 	43.99 	2,056 	1943-05-01 	[560]
Moriguchi 	守口市 	Osaka 	146,294 	12.73 	11,492 	1946-11-01 	[561]
Hirakata 	枚方市 	Osaka 	406,201 	65.08 	6,242 	1947-08-01 	[562]
Ibaraki 	茨木市 	Osaka 	272,240 	76.52 	3,558 	1948-01-01 	[563]
Yao 	八尾市 	Osaka 	273,244 	41.71 	6,551 	1948-04-01 	[564]
Izumisano 	泉佐野市 	Osaka 	99,636 	55.03 	1,811 	1948-04-01 	[565]
Tondabayashi 	富田林市 	Osaka 	122,205 	39.66 	3,081 	1950-04-01 	[566]
Neyagawa 	寝屋川市 	Osaka 	239,029 	24.73 	9,666 	1951-05-03 	[567]
Kawachinagano 	河内長野市 	Osaka 	114,428 	109.61 	1,044 	1954-04-01 	[568]
Matsubara 	松原市 	Osaka 	125,274 	16.66 	7,519 	1955-02-01 	[569]
Daitō 	大東市 	Osaka 	125,847 	18.27 	6,888 	1956-04-01 	[570]
Izumi 	和泉市 	Osaka 	179,352 	84.98 	2,110 	1956-09-01 	[571]
Minoh 	箕面市 	Osaka 	127,757 	47.84 	2,671 	1956-12-01 	[572]
Kashiwara 	柏原市 	Osaka 	75,875 	25.39 	2,988 	1958-10-01 	[573]
Habikino 	羽曳野市 	Osaka 	118,281 	26.44 	4,474 	1959-01-15 	[574]
Kadoma 	門真市 	Osaka 	130,026 	12.28 	10,588 	1963-08-01 	[575]
Settsu 	摂津市 	Osaka 	84,330 	14.88 	5,667 	1966-11-01 	[576]
Takaishi 	高石市 	Osaka 	60,077 	11.35 	5,293 	1966-11-01 	[577]
Fujiidera 	藤井寺市 	Osaka 	65,892 	8.89 	7,412 	1966-11-01 	[578]
Higashiōsaka 	東大阪市 	Osaka 	509,157 	61.81 	8,237 	1967-02-01 	[579]
Sennan 	泉南市 	Osaka 	64,916 	48.48 	1,339 	1970-07-01 	[580]
Shijōnawate 	四条畷市 	Osaka 	57,239 	18.74 	3,054 	1970-07-01 	[581]
Katano 	交野市 	Osaka 	77,853 	25.55 	3,047 	1971-11-03 	[582]
Ōsakasayama 	大阪狭山市 	Osaka 	58,661 	11.86 	4,946 	1987-10-01 	[583]
Hannan 	阪南市 	Osaka 	56,853 	36.10 	1,575 	1991-10-01 	[584]
Tosu 	鳥栖市 	Saga 	66,842 	71.73 	932 	1954-04-01 	[585]
Imari 	伊万里市 	Saga 	57,604 	254.99 	226 	1954-04-01 	[586]
Kashima 	鹿島市 	Saga 	31,326 	112.10 	279 	1954-04-01 	[587]
Taku 	多久市 	Saga 	22,165 	96.93 	229 	1954-05-01 	[588]
Karatsu 	唐津市 	Saga 	129,194 	487.45 	265 	2005-01-01 	[589]
Ogi 	小城市 	Saga 	45,516 	95.85 	475 	2005-03-01 	[590]
Saga 	佐賀市 	Saga 	239,932 	431.42 	556 	2005-10-01 	[591]
Ureshino 	嬉野市 	Saga 	29,644 	126.51 	234 	2006-01-01 	[592]
Takeo 	武雄市 	Saga 	50,788 	195.44 	260 	2006-03-01 	[593]
Kanzaki 	神埼市 	Saga 	33,449 	125.01 	268 	2006-03-20 	[594]
Kawagoe 	川越市 	Saitama 	335,693 	109.16 	3,075 	1922-12-01 	[595]
Kawaguchi 	川口市 	Saitama 	552,883 	61.97 	8,922 	1933-04-01 	[596]
Gyōda 	行田市 	Saitama 	87,462 	67.37 	1,298 	1949-05-03 	[597]
Chichibu 	秩父市 	Saitama 	69,139 	577.69 	120 	1950-04-01 	[598]
Tokorozawa 	所沢市 	Saitama 	338,560 	71.99 	4,703 	1950-11-03 	[599]
Hannō 	飯能市 	Saitama 	84,053 	193.16 	435 	1954-01-01 	[600]
Kazo 	加須市 	Saitama 	67,862 	59.40 	1,142 	1954-05-03 	[601]
Higashimatsuyama 	東松山市 	Saitama 	90,840 	65.33 	1,390 	1954-07-01 	[602]
Sayama 	狭山市 	Saitama 	156,634 	49.04 	3,194 	1954-07-01 	[603]
Hanyū 	羽生市 	Saitama 	56,820 	58.55 	970 	1954-09-01 	[604]
Kōnosu 	鴻巣市 	Saitama 	119,768 	67.49 	1,775 	1954-09-30 	[605]
Ageo 	上尾市 	Saitama 	222,479 	45.55 	4,884 	1958-07-15 	[606]
Sōka 	草加市 	Saitama 	237,964 	27.42 	8,678 	1958-11-01 	[607]
Koshigaya 	越谷市 	Saitama 	318,592 	60.31 	5,283 	1958-11-03 	[608]
Warabi 	蕨市 	Saitama 	70,410 	5.10 	13,806 	1959-04-01 	[609]
Toda 	戸田市 	Saitama 	118,591 	18.17 	6,527 	1966-10-01 	[610]
Iruma 	入間市 	Saitama 	148,203 	44.74 	3,313 	1966-11-01 	[611]
Asaka 	朝霞市 	Saitama 	126,902 	18.38 	6,904 	1967-03-15 	[612]
Shiki 	志木市 	Saitama 	68,531 	9.06 	7,564 	1970-10-26 	[613]
Wakō 	和光市 	Saitama 	78,575 	11.04 	7,117 	1970-10-31 	[614]
Niiza 	新座市 	Saitama 	155,926 	22.80 	6,839 	1970-11-01 	[615]
Okegawa 	桶川市 	Saitama 	74,703 	25.26 	2,957 	1970-11-03 	[616]
Kuki 	久喜市 	Saitama 	71,667 	25.35 	2,827 	1971-10-01 	[617]
Kitamoto 	北本市 	Saitama 	69,903 	19.84 	3,523 	1971-11-03 	[618]
Yashio 	八潮市 	Saitama 	78,601 	18.03 	4,359 	1972-01-15 	[619]
Fujimi 	富士見市 	Saitama 	105,286 	19.70 	5,344 	1972-04-10 	[620]
Misato 	三郷市 	Saitama 	128,956 	30.16 	4,276 	1972-05-03 	[621]
Hasuda 	蓮田市 	Saitama 	63,375 	27.27 	2,324 	1972-10-01 	[622]
Sakado 	坂戸市 	Saitama 	99,680 	40.97 	2,433 	1976-09-01 	[623]
Satte 	幸手市 	Saitama 	53,485 	33.95 	1,575 	1986-10-01 	[624]
Tsurugashima 	鶴ヶ島市 	Saitama 	70,131 	17.73 	3,955 	1991-09-01 	[625]
Hidaka 	日高市 	Saitama 	55,454 	47.50 	1,167 	1991-10-01 	[626]
Yoshikawa 	吉川市 	Saitama 	63,050 	31.62 	1,994 	1996-04-01 	[627]
Saitama 	さいたま市 	Saitama 	1,192,418 	217.49 	5,483 	2001-05-01 	[628]
Kumagaya 	熊谷市 	Saitama 	204,853 	159.88 	1,281 	2005-10-01 	[629]
Kasukabe 	春日部市 	Saitama 	236,854 	65.98 	3,590 	2005-10-01 	[630]
Fujimino 	ふじみ野市 	Saitama 	103,724 	14.67 	7,070 	2005-10-01 	[631]
Fukaya 	深谷市 	Saitama 	146,128 	137.58 	1,062 	2006-01-01 	[632]
Honjō 	本庄市 	Saitama 	81,805 	89.71 	912 	2006-01-10 	[633]
Ōtsu 	大津市 	Shiga 	329,024 	464.10 	709 	1898-10-01 	[634]
Hikone 	彦根市 	Shiga 	110,945 	196.84 	564 	1937-02-11 	[635]
Ōmihachiman 	近江八幡市 	Shiga 	69,116 	153.09 	451 	1954-03-31 	[636]
Kusatsu 	草津市 	Shiga 	123,512 	67.92 	1,818 	1954-10-15 	[637]
Moriyama 	守山市 	Shiga 	74,263 	54.81 	1,355 	1970-07-01 	[638]
Rittō 	栗東市 	Shiga 	62,353 	52.75 	1,182 	2001-10-01 	[639]
Kōka 	甲賀市 	Shiga 	94,007 	481.69 	195 	2004-10-01 	[640]
Yasu 	野洲市 	Shiga 	49,821 	81.07 	615 	2004-10-01 	[641]
Konan 	湖南市 	Shiga 	55,144 	70.49 	782 	2004-10-01 	[642]
Takashima 	高島市 	Shiga 	52,967 	693.00 	76.4 	2005-01-01 	[643]
Higashiōmi 	東近江市 	Shiga 	117,487 	388.58 	302 	2005-02-11 	[644]
Maibara 	米原市 	Shiga 	40,757 	250.46 	163 	2005-02-14 	[645]
Nagahama 	長浜市 	Shiga 	83,555 	247.01 	338 	2006-02-13 	[646]
Matsue 	松江市 	Shimane 	195,875 	530.27 	369 	1889-04-01 	[647]
Izumo 	出雲市 	Shimane 	146,115 	543.48 	269 	1941-11-03 	[648]
Masuda 	益田市 	Shimane 	50,980 	733.16 	69.5 	1952-08-01 	[649]
Yasugi 	安来市 	Shimane 	42,997 	420.97 	102 	1954-04-01 	[650]
Gōtsu 	江津市 	Shimane 	26,958 	268.51 	100 	1954-04-01 	[651]
Unnan 	雲南市 	Shimane 	43,269 	553.37 	78.2 	2004-11-01 	[652]
Hamada 	浜田市 	Shimane 	61,325 	689.60 	88.9 	2005-10-01 	[653]
Ōda 	大田市 	Shimane 	39,593 	436.11 	90.8 	2005-10-01 	[654]
Shizuoka 	静岡市 	Shizuoka 	710,944 	1,388.78 	512 	1889-04-01 	[655]
Hamamatsu 	浜松市 	Shizuoka 	811,431 	1,511.17 	537 	1911-07-01 	[656]
Numazu 	沼津市 	Shizuoka 	206,818 	187.11 	1,105 	1923-07-01 	[657]
Atami 	熱海市 	Shizuoka 	40,524 	61.56 	658 	1937-04-10 	[658]
Mishima 	三島市 	Shizuoka 	112,320 	62.13 	1,808 	1941-04-29 	[659]
Fujinomiya 	富士宮市 	Shizuoka 	122,122 	314.81 	388 	1942-06-01 	[660]
Itō 	伊東市 	Shizuoka 	72,038 	124.13 	580 	1947-08-10 	[661]
Shimada 	島田市 	Shizuoka 	95,762 	195.40 	490 	1948-01-01 	[662]
Iwata 	磐田市 	Shizuoka 	172,583 	164.08 	1,052 	1948-04-01 	[663]
Yaizu 	焼津市 	Shizuoka 	120,331 	46.01 	2,615 	1951-03-01 	[664]
Kakegawa 	掛川市 	Shizuoka 	118,660 	265.63 	447 	1954-03-31 	[665]
Fujieda 	藤枝市 	Shizuoka 	129,637 	140.74 	921 	1954-03-31 	[666]
Gotenba 	御殿場市 	Shizuoka 	88,078 	194.63 	453 	1955-02-11 	[667]
Fukuroi 	袋井市 	Shizuoka 	85,163 	108.56 	784 	1958-11-03 	[668]
Fuji 	富士市 	Shizuoka 	237,279 	214.10 	1,108 	1966-11-01 	[669]
Shimoda 	下田市 	Shizuoka 	25,784 	104.70 	246 	1971-01-01 	[670]
Susono 	裾野市 	Shizuoka 	53,740 	138.39 	388 	1971-01-01 	[671]
Kosai 	湖西市 	Shizuoka 	44,545 	55.08 	809 	1972-01-01 	[672]
Izu 	伊豆市 	Shizuoka 	35,911 	363.97 	98.7 	2004-04-01 	[673]
Omaezaki 	御前崎市 	Shizuoka 	35,015 	65.85 	532 	2004-04-01 	[674]
Kikugawa 	菊川市 	Shizuoka 	47,702 	94.24 	506 	2005-01-17 	[675]
Izunokuni 	伊豆の国市 	Shizuoka 	49,711 	94.71 	525 	2005-04-01 	[676]
Makinohara 	牧之原市 	Shizuoka 	49,726 	111.50 	446 	2005-10-11 	[677]
Utsunomiya 	宇都宮市 	Tochigi 	507,833 	416.84 	1,218 	1896-04-01 	[678]
Ashikaga 	足利市 	Tochigi 	157,793 	177.82 	887 	1921-01-01 	[679]
Tochigi 	栃木市 	Tochigi 	81,601 	122.06 	669 	1937-04-01 	[680]
Kanuma 	鹿沼市 	Tochigi 	103,690 	490.62 	211 	1948-10-10 	[681]
Oyama 	小山市 	Tochigi 	162,283 	171.61 	946 	1954-03-31 	[682]
Mooka 	真岡市 	Tochigi 	66,705 	111.76 	597 	1954-10-01 	[683]
Ōtawara 	大田原市 	Tochigi 	78,563 	354.12 	222 	1954-12-01 	[684]
Yaita 	矢板市 	Tochigi 	35,462 	170.66 	208 	1958-11-01 	[685]
Nasushiobara 	那須塩原市 	Tochigi 	115,633 	592.82 	195 	2005-01-01 	[686]
Sano 	佐野市 	Tochigi 	123,034 	356.07 	346 	2005-02-28 	[687]
Sakura 	さくら市 	Tochigi 	42,403 	125.46 	338 	2005-03-28 	[688]
Nasukarasuyama 	那須烏山市 	Tochigi 	30,433 	174.42 	174 	2005-10-01 	[689]
Shimotsuke 	下野市 	Tochigi 	59,459 	74.58 	797 	2006-01-10 	[690]
Nikkō 	日光市 	Tochigi 	92,181 	1,449.87 	63.6 	2006-03-20 	[691]
Tokushima 	徳島市 	Tokushima 	266,370 	191.39 	1,392 	1889-10-01 	[692]
Naruto 	鳴門市 	Tokushima 	62,453 	135.46 	461 	1947-03-15 	[693]
Komatsushima 	小松島市 	Tokushima 	41,540 	45.24 	918 	1951-06-01 	[694]
Anan 	阿南市 	Tokushima 	77,099 	279.39 	276 	1958-05-01 	[695]
Yoshinogawa 	吉野川市 	Tokushima 	44,905 	144.19 	311 	2004-10-01 	[696]
Mima 	美馬市 	Tokushima 	33,520 	367.38 	91.2 	2005-03-01 	[697]
Awa 	阿波市 	Tokushima 	40,303 	190.97 	211 	2005-04-01 	[698]
Miyoshi 	三好市 	Tokushima 	32,329 	721.48 	44.8 	2006-03-01 	[699]
Hachiōji 	八王子市 	Tokyo 	567,367 	186.31 	3,045 	1917-09-01 	[700]
Tachikawa 	立川市 	Tokyo 	175,639 	24.38 	7,204 	1940-12-01 	[701]
Musashino 	武蔵野市 	Tokyo 	138,516 	10.73 	12,909 	1947-11-03 	[702]
Mitaka 	三鷹市 	Tokyo 	180,797 	16.50 	10,957 	1950-11-03 	[703]
Ōme 	青梅市 	Tokyo 	141,708 	103.26 	1,372 	1951-04-01 	[704]
Fuchū 	府中市 	Tokyo 	248,445 	29.34 	8,468 	1954-04-01 	[705]
Akishima 	昭島市 	Tokyo 	111,763 	17.33 	6,449 	1954-05-01 	[706]
Chōfu 	調布市 	Tokyo 	219,053 	21.53 	10,174 	1955-04-01 	[707]
Machida 	町田市 	Tokyo 	413,786 	71.63 	5,777 	1958-02-01 	[708]
Koganei 	小金井市 	Tokyo 	115,116 	11.33 	10,160 	1958-10-01 	[709]
Kodaira 	小平市 	Tokyo 	185,829 	20.46 	9,083 	1962-10-01 	[710]
Hino 	日野市 	Tokyo 	179,482 	27.53 	6,520 	1963-11-03 	[711]
Higashimurayama 	東村山市 	Tokyo 	146,585 	17.17 	8,537 	1964-04-01 	[712]
Kokubunji 	国分寺市 	Tokyo 	118,801 	11.48 	10,349 	1964-11-03 	[713]
Kunitachi 	国立市 	Tokyo 	73,362 	8.15 	9,001 	1967-01-01 	[714]
Fussa 	福生市 	Tokyo 	60,413 	10.24 	5,900 	1970-07-01 	[715]
Komae 	狛江市 	Tokyo 	78,237 	6.39 	12,244 	1970-10-01 	[716]
Higashiyamato 	東大和市 	Tokyo 	81,445 	13.54 	6,015 	1970-10-01 	[717]
Kiyose 	清瀬市 	Tokyo 	73,518 	10.19 	7,215 	1970-10-01 	[718]
Higashikurume 	東久留米市 	Tokyo 	115,405 	12.92 	8,932 	1970-10-01 	[719]
Musashimurayama 	武蔵村山市 	Tokyo 	68,333 	15.37 	4,446 	1970-11-03 	[720]
Tama 	多摩市 	Tokyo 	149,404 	21.08 	7,087 	1971-11-01 	[721]
Inagi 	稲城市 	Tokyo 	80,772 	17.97 	4,495 	1971-11-01 	[722]
Hamura 	羽村市 	Tokyo 	56,984 	9.91 	5,750 	1991-11-01 	[723]
Akiruno 	あきる野市 	Tokyo 	80,268 	73.34 	1,094 	1995-09-01 	[724]
Nishitōkyō 	西東京市 	Tokyo 	193,350 	15.85 	12,199 	2001-01-21 	[725]
Special wards of Tokyo 	東京特別区部 	Tokyo 	8,637,098 	621.81 	13,890 		
Adachi 	足立区 	Tokyo 	629,392 	53.20 	11,830 	1947-03-13 	[726]
Arakawa 	荒川区 	Tokyo 	194,777 	10.20 	18,262 	1947-03-13 	[727]
Bunkyo 	文京区 	Tokyo 	194,933 	11.31 	16,009 	1947-03-13 	[728]
Chiyoda 	千代田区 	Tokyo 	43,802 	11.64 	3,763 	1947-03-13 	[729]
Chūō 	中央区 	Tokyo 	104,997 	10.15 	10,344 	1947-03-13 	[730]
Edogawa 	江戸川区 	Tokyo 	661,386 	49.86 	13,264 	1947-03-13 	[731]
Itabashi 	板橋区 	Tokyo 	529,059 	32.17 	16,445 	1947-03-13 	[732]
Katsushika 	葛飾区 	Tokyo 	428,066 	34.84 	12,286 	1947-03-13 	[733]
Kita 	北区 	Tokyo 	330,646 	20.59 	15,885 	1947-03-13 	[734]
Koto 	江東区 	Tokyo 	436,337 	39.80 	10,963 	1947-03-13 	[735]
Meguro 	目黒区 	Tokyo 	267,798 	14.70 	18,217 	1947-03-13 	[736]
Minato 	港区 	Tokyo 	205,196 	20.34 	10,088 	1947-03-13 	[737]
Nakano 	中野区 	Tokyo 	312,939 	15.59 	20,097 	1947-03-13 	[738]
Nerima 	練馬区 	Tokyo 	702,202 	48.16 	14,580 	1947-08-01 	[739]
Ōta 	大田区 	Tokyo 	674,590 	59.46 	11,345 	1947-03-13 	[740]
Setagaya 	世田谷区 	Tokyo 	855,416 	58.08 	14,728 	1947-03-13 	[741]
Shibuya 	渋谷区 	Tokyo 	205,512 	15.11 	13,337 	1947-03-13 	[742]
Shinagawa 	品川区 	Tokyo 	353,887 	22.72 	15,576 	1947-03-13 	[743]
Shinjuku 	新宿区 	Tokyo 	309,463 	18.23 	16,975 	1947-03-13 	[744]
Suginami 	杉並区 	Tokyo 	534,981 	34.02 	15,725 	1947-03-13 	[745]
Sumida 	墨田区 	Tokyo 	237,433 	13.75 	16,079 	1947-03-13 	[746]
Taitō 	台東区 	Tokyo 	168,277 	10.08 	16,139 	1947-03-13 	[747]
Toshima 	豊島区 	Tokyo 	256,009 	13.01 	19,428 	1947-03-13 	[748]
Tottori 	鳥取市 	Tottori 	200,315 	765.66 	262 	1889-10-01 	[749]
Yonago 	米子市 	Tottori 	149,140 	132.21 	1,128 	1927-04-01 	[750]
Kurayoshi 	倉吉市 	Tottori 	51,453 	272.15 	189 	1953-10-01 	[751]
Sakaiminato 	境港市 	Tottori 	35,908 	28.79 	1,247 	1956-04-01 	[752]
Toyama 	富山市 	Toyama 	421,116 	1,241.85 	339 	1889-04-01 	[753]
Uozu 	魚津市 	Toyama 	45,945 	200.63 	229 	1952-04-01 	[754]
Himi 	氷見市 	Toyama 	53,316 	230.47 	231 	1952-08-01 	[755]
Namerikawa 	滑川市 	Toyama 	33,789 	54.61 	619 	1954-03-01 	[756]
Tonami 	砺波市 	Toyama 	49,396 	126.96 	389 	1954-04-01 	[757]
Oyabe 	小矢部市 	Toyama 	32,656 	134.11 	244 	1962-08-01 	[758]
Nanto 	南砺市 	Toyama 	57,061 	668.86 	85.3 	2004-11-01 	[759]
Takaoka 	高岡市 	Toyama 	178,965 	209.38 	855 	2005-11-01 	[760]
Imizu 	射水市 	Toyama 	94,691 	109.18 	867 	2005-11-01 	[761]
Kurobe 	黒部市 	Toyama 	42,612 	426.34 	99.9 	2006-03-31 	[762]
Wakayama 	和歌山市 	Wakayama 	372,175 	209.23 	1,779 	1889-04-01 	[763]
Kainan 	海南市 	Wakayama 	55,877 	101.18 	552 	1934-05-01 	[764]
Tanabe 	田辺市 	Wakayama 	80,478 	1,026.77 	78.4 	1942-05-20 	[765]
Gobō 	御坊市 	Wakayama 	26,335 	43.93 	599 	1954-04-01 	[766]
Arida 	有田市 	Wakayama 	31,194 	36.92 	845 	1956-05-01 	[767]
Shingū 	新宮市 	Wakayama 	32,654 	255.43 	128 	2005-10-01 	[768]
Kinokawa 	紀の川市 	Wakayama 	67,192 	228.24 	294 	2005-11-07 	[769]
Hashimoto 	橋本市 	Wakayama 	67,505 	130.31 	518 	2006-03-01 	[770]
Iwade 	岩出市 	Wakayama 	51,843 	38.50 	1,347 	2006-04-01 	[771]
Yamagata 	山形市 	Yamagata 	255,370 	381.34 	670 	1889-04-01 	[772]
Yonezawa 	米沢市 	Yamagata 	91,704 	548.74 	167 	1889-04-01 	[773]
Shinjō 	新庄市 	Yamagata 	39,808 	223.08 	178 	1949-04-01 	[774]
Sagae 	寒河江市 	Yamagata 	43,299 	139.08 	311 	1954-08-01 	[775]
Kaminoyama 	上山市 	Yamagata 	35,086 	240.95 	146 	1954-10-01 	[776]
Murayama 	村山市 	Yamagata 	27,586 	196.83 	140 	1954-11-01 	[777]
Nagai 	長井市 	Yamagata 	30,285 	214.69 	141 	1954-11-15 	[778]
Tendō 	天童市 	Yamagata 	63,470 	113.01 	562 	1958-10-01 	[779]
Higashine 	東根市 	Yamagata 	46,141 	207.17 	223 	1958-11-03 	[780]
Obanazawa 	尾花沢市 	Yamagata 	19,937 	372.32 	53.5 	1959-04-10 	[781]
Nan'yō 	南陽市 	Yamagata 	34,542 	160.70 	215 	1967-04-01 	[782]
Tsuruoka 	鶴岡市 	Yamagata 	140,097 	1,311.51 	107 	2005-10-01 	[783]
Sakata 	酒田市 	Yamagata 	114,964 	602.79 	191 	2005-11-01 	[784]
Ube 	宇部市 	Yamaguchi 	176,370 	287.69 	613 	1921-11-01 	[785]
Hōfu 	防府市 	Yamaguchi 	116,393 	188.59 	617 	1936-08-25 	[786]
Kudamatsu 	下松市 	Yamaguchi 	54,026 	89.36 	605 	1939-11-03 	[787]
Mine 	美祢市 	Yamaguchi 	17,355 	228.25 	76.0 	1954-03-31 	[788]
Shūnan 	周南市 	Yamaguchi 	150,299 	656.25 	229 	2003-04-21 	[789]
Hikari 	光市 	Yamaguchi 	53,274 	91.94 	579 	2004-10-04 	[790]
Shimonoseki 	下関市 	Yamaguchi 	286,073 	716.06 	400 	2005-02-13 	[791]
Yanai 	柳井市 	Yamaguchi 	35,438 	139.90 	253 	2005-02-21 	[792]
Hagi 	萩市 	Yamaguchi 	55,831 	698.87 	79.9 	2005-03-06 	[793]
Nagato 	長門市 	Yamaguchi 	39,825 	357.92 	111 	2005-03-22 	[794]
San'yō-Onoda 	山陽小野田市 	Yamaguchi 	65,523 	132.99 	493 	2005-03-22 	[795]
Yamaguchi 	山口市 	Yamaguchi 	192,008 	730.23 	263 	2005-10-01 	[796]
Iwakuni 	岩国市 	Yamaguchi 	146,885 	872.71 	168 	2006-03-20 	[797]
Kōfu 	甲府市 	Yamanashi 	199,374 	212.41 	939 	1889-07-01 	[798]
Fujiyoshida 	富士吉田市 	Yamanashi 	51,879 	121.83 	426 	1951-03-20 	[799]
Tsuru 	都留市 	Yamanashi 	34,439 	161.58 	213 	1954-04-29 	[800]
Ōtsuki 	大月市 	Yamanashi 	29,869 	280.30 	107 	1954-08-08 	[801]
Nirasaki 	韮崎市 	Yamanashi 	33,539 	143.73 	233 	1954-10-10 	[802]
Minami-Alps 	南アルプス市 	Yamanashi 	72,295 	264.06 	274 	2003-04-01 	[803]
Kai 	甲斐市 	Yamanashi 	74,077 	71.94 	1,030 	2004-09-01 	[804]
Fuefuki 	笛吹市 	Yamanashi 	71,184 	201.92 	353 	2004-10-12 	[805]
Hokuto 	北杜市 	Yamanashi 	47,754 	602.89 	79.2 	2004-11-01 	[806]
Uenohara 	上野原市 	Yamanashi 	28,295 	170.65 	166 	2005-02-13 	[807]
Yamanashi 	山梨市 	Yamanashi 	38,202 	289.87 	132 	2005-03-22 	[808]
Kōshū 	甲州市 	Yamanashi 	35,072 	264.01 	133 	2005-11-01 	[809]
Chūō 	中央市 	Yamanashi 	31,875 	31.81 	1,002 	2006-02-20 	[810]
